detectorType,descriptorType,imageIndex,TTC Lidar,TTC Camera
SHITOMASI,BRISK,1,12.5156,-0.838967
SHITOMASI,BRISK,2,12.6142,-46.6734
SHITOMASI,BRISK,3,14.091,-1.33021
SHITOMASI,BRISK,4,16.6894,-0.322125
SHITOMASI,BRISK,5,15.7465,-2.39595
SHITOMASI,BRISK,6,12.7835,-10.6638
SHITOMASI,BRISK,7,11.9844,-inf
SHITOMASI,BRISK,8,13.1241,-1.09513
SHITOMASI,BRISK,9,13.0241,18.3625
SHITOMASI,BRISK,10,11.1746,-1.50602
SHITOMASI,BRISK,11,12.8086,-1.12676
SHITOMASI,BRISK,12,8.95978,50.0091
SHITOMASI,BRISK,13,9.96439,-0.862186
SHITOMASI,BRISK,14,9.59863,24.4198
SHITOMASI,BRISK,15,8.52157,14.5119
SHITOMASI,BRISK,16,9.51552,-0.241648
SHITOMASI,BRISK,17,9.61241,-inf
SHITOMASI,BRISK,18,8.3988,12.3812
SHITOMASI,BRIEF,1,12.5156,20.7189
SHITOMASI,BRIEF,2,12.6142,48.8047
SHITOMASI,BRIEF,3,14.091,11.1762
SHITOMASI,BRIEF,4,16.6894,22.1669
SHITOMASI,BRIEF,5,15.7465,12.8552
SHITOMASI,BRIEF,6,12.7835,13.2198
SHITOMASI,BRIEF,7,11.9844,34.7957
SHITOMASI,BRIEF,8,13.1241,14.2388
SHITOMASI,BRIEF,9,13.0241,12.6708
SHITOMASI,BRIEF,10,11.1746,16.9761
SHITOMASI,BRIEF,11,12.8086,11.7992
SHITOMASI,BRIEF,12,8.95978,13.677
SHITOMASI,BRIEF,13,9.96439,12.4508
SHITOMASI,BRIEF,14,9.59863,11.946
SHITOMASI,BRIEF,15,8.52157,15.3181
SHITOMASI,BRIEF,16,9.51552,11.5882
SHITOMASI,BRIEF,17,9.61241,11.1687
SHITOMASI,BRIEF,18,8.3988,10.1394
SHITOMASI,ORB,1,12.5156,15.1671
SHITOMASI,ORB,2,12.6142,12.6378
SHITOMASI,ORB,3,14.091,13.8318
SHITOMASI,ORB,4,16.6894,17.9043
SHITOMASI,ORB,5,15.7465,12.8561
SHITOMASI,ORB,6,12.7835,19.1734
SHITOMASI,ORB,7,11.9844,20.1987
SHITOMASI,ORB,8,13.1241,13.5169
SHITOMASI,ORB,9,13.0241,12.4803
SHITOMASI,ORB,10,11.1746,17.7603
SHITOMASI,ORB,11,12.8086,12.2782
SHITOMASI,ORB,12,8.95978,11.7604
SHITOMASI,ORB,13,9.96439,11.5008
SHITOMASI,ORB,14,9.59863,13.2389
SHITOMASI,ORB,15,8.52157,12.5033
SHITOMASI,ORB,16,9.51552,11.7977
SHITOMASI,ORB,17,9.61241,10.062
SHITOMASI,ORB,18,8.3988,8.28579
SHITOMASI,FREAK,1,12.5156,-0.690379
SHITOMASI,FREAK,2,12.6142,-1.92935
SHITOMASI,FREAK,3,14.091,31.5217
SHITOMASI,FREAK,4,16.6894,-inf
SHITOMASI,FREAK,5,15.7465,294.294
SHITOMASI,FREAK,6,12.7835,-inf
SHITOMASI,FREAK,7,11.9844,-inf
SHITOMASI,FREAK,8,13.1241,-inf
SHITOMASI,FREAK,9,13.0241,-inf
SHITOMASI,FREAK,10,11.1746,-10.1637
SHITOMASI,FREAK,11,12.8086,13.7312
SHITOMASI,FREAK,12,8.95978,-1.28216
SHITOMASI,FREAK,13,9.96439,15.2312
SHITOMASI,FREAK,14,9.59863,54.8363
SHITOMASI,FREAK,15,8.52157,-1.22774
SHITOMASI,FREAK,16,9.51552,14.9962
SHITOMASI,FREAK,17,9.61241,14.6962
SHITOMASI,FREAK,18,8.3988,11.5062
SHITOMASI,SIFT,1,12.5156,14.685
SHITOMASI,SIFT,2,12.6142,12.4252
SHITOMASI,SIFT,3,14.091,12.8187
SHITOMASI,SIFT,4,16.6894,14.3278
SHITOMASI,SIFT,5,15.7465,12.4891
SHITOMASI,SIFT,6,12.7835,14.7141
SHITOMASI,SIFT,7,11.9844,17.9931
SHITOMASI,SIFT,8,13.1241,16.3897
SHITOMASI,SIFT,9,13.0241,13.451
SHITOMASI,SIFT,10,11.1746,17.891
SHITOMASI,SIFT,11,12.8086,12.7884
SHITOMASI,SIFT,12,8.95978,12.5923
SHITOMASI,SIFT,13,9.96439,12.2745
SHITOMASI,SIFT,14,9.59863,12.1821
SHITOMASI,SIFT,15,8.52157,12.2294
SHITOMASI,SIFT,16,9.51552,8.93726
SHITOMASI,SIFT,17,9.61241,11.8938
SHITOMASI,SIFT,18,8.3988,8.75514
HARRIS,BRISK,1,12.5156,9.74953
HARRIS,BRISK,2,12.6142,-0.547728
HARRIS,BRISK,3,14.091,-11.4731
HARRIS,BRISK,4,16.6894,11.3951
HARRIS,BRISK,5,15.7465,13.3698
HARRIS,BRISK,6,12.7835,13.9039
HARRIS,BRISK,7,11.9844,-inf
HARRIS,BRISK,8,13.1241,-0.611746
HARRIS,BRISK,9,13.0241,0.137835
HARRIS,BRISK,10,11.1746,-153.93
HARRIS,BRISK,11,12.8086,23.627
HARRIS,BRISK,12,8.95978,11.9536
HARRIS,BRISK,13,9.96439,284.161
HARRIS,BRISK,14,9.59863,12.288
HARRIS,BRISK,15,8.52157,-11.4117
HARRIS,BRISK,16,9.51552,6.87135
HARRIS,BRISK,17,9.61241,12.7384
HARRIS,BRISK,18,8.3988,0.687055
HARRIS,BRIEF,1,12.5156,10.9082
HARRIS,BRIEF,2,12.6142,80.7525
HARRIS,BRIEF,3,14.091,-10.295
HARRIS,BRIEF,4,16.6894,11.5792
HARRIS,BRIEF,5,15.7465,35.3833
HARRIS,BRIEF,6,12.7835,15.2483
HARRIS,BRIEF,7,11.9844,13.1905
HARRIS,BRIEF,8,13.1241,35.1513
HARRIS,BRIEF,9,13.0241,3.93864
HARRIS,BRIEF,10,11.1746,-13.4405
HARRIS,BRIEF,11,12.8086,1.54025
HARRIS,BRIEF,12,8.95978,11.6948
HARRIS,BRIEF,13,9.96439,284.161
HARRIS,BRIEF,14,9.59863,5.66097
HARRIS,BRIEF,15,8.52157,-13.6263
HARRIS,BRIEF,16,9.51552,10.6503
HARRIS,BRIEF,17,9.61241,12.5848
HARRIS,BRIEF,18,8.3988,-inf
HARRIS,ORB,1,12.5156,10.9082
HARRIS,ORB,2,12.6142,52.7952
HARRIS,ORB,3,14.091,-20.0948
HARRIS,ORB,4,16.6894,11.5792
HARRIS,ORB,5,15.7465,13.6432
HARRIS,ORB,6,12.7835,13.2712
HARRIS,ORB,7,11.9844,13.6036
HARRIS,ORB,8,13.1241,-6.59365
HARRIS,ORB,9,13.0241,-16.1946
HARRIS,ORB,10,11.1746,20.5862
HARRIS,ORB,11,12.8086,1.49696
HARRIS,ORB,12,8.95978,11.6948
HARRIS,ORB,13,9.96439,13.4327
HARRIS,ORB,14,9.59863,6.06984
HARRIS,ORB,15,8.52157,-13.6263
HARRIS,ORB,16,9.51552,6.29972
HARRIS,ORB,17,9.61241,12.5848
HARRIS,ORB,18,8.3988,-inf
HARRIS,FREAK,1,12.5156,10.9082
HARRIS,FREAK,2,12.6142,-0.547728
HARRIS,FREAK,3,14.091,-10.295
HARRIS,FREAK,4,16.6894,-0.299136
HARRIS,FREAK,5,15.7465,-5.69176
HARRIS,FREAK,6,12.7835,15.8156
HARRIS,FREAK,7,11.9844,14.6579
HARRIS,FREAK,8,13.1241,13.5704
HARRIS,FREAK,9,13.0241,0.41977
HARRIS,FREAK,10,11.1746,20.5862
HARRIS,FREAK,11,12.8086,23.627
HARRIS,FREAK,12,8.95978,11.6948
HARRIS,FREAK,13,9.96439,0.12778
HARRIS,FREAK,14,9.59863,12.1403
HARRIS,FREAK,15,8.52157,-inf
HARRIS,FREAK,16,9.51552,12.0207
HARRIS,FREAK,17,9.61241,0.354188
HARRIS,FREAK,18,8.3988,-inf
HARRIS,SIFT,1,12.5156,10.9082
HARRIS,SIFT,2,12.6142,-15.8846
HARRIS,SIFT,3,14.091,-11.4731
HARRIS,SIFT,4,16.6894,11.5792
HARRIS,SIFT,5,15.7465,13.6432
HARRIS,SIFT,6,12.7835,29.1952
HARRIS,SIFT,7,11.9844,13.497
HARRIS,SIFT,8,13.1241,37.0436
HARRIS,SIFT,9,13.0241,-4.99658
HARRIS,SIFT,10,11.1746,-6.72026
HARRIS,SIFT,11,12.8086,11.1552
HARRIS,SIFT,12,8.95978,12.245
HARRIS,SIFT,13,9.96439,3.13052
HARRIS,SIFT,14,9.59863,6.06984
HARRIS,SIFT,15,8.52157,-inf
HARRIS,SIFT,16,9.51552,8.9631
HARRIS,SIFT,17,9.61241,12.7384
HARRIS,SIFT,18,8.3988,-inf
FAST,BRISK,1,12.5156,14.7346
FAST,BRISK,2,12.6142,-14.5326
FAST,BRISK,3,14.091,57.7456
FAST,BRISK,4,16.6894,19.4513
FAST,BRISK,5,15.7465,-14.2341
FAST,BRISK,6,12.7835,63.9525
FAST,BRISK,7,11.9844,-0.334894
FAST,BRISK,8,13.1241,13.5653
FAST,BRISK,9,13.0241,-0.719861
FAST,BRISK,10,11.1746,718.3
FAST,BRISK,11,12.8086,-inf
FAST,BRISK,12,8.95978,13.3932
FAST,BRISK,13,9.96439,-inf
FAST,BRISK,14,9.59863,-inf
FAST,BRISK,15,8.52157,-inf
FAST,BRISK,16,9.51552,15.9373
FAST,BRISK,17,9.61241,11.7541
FAST,BRISK,18,8.3988,46.5734
FAST,BRIEF,1,12.5156,11.9246
FAST,BRIEF,2,12.6142,12.6526
FAST,BRIEF,3,14.091,21.2882
FAST,BRIEF,4,16.6894,15.3184
FAST,BRIEF,5,15.7465,35.5652
FAST,BRIEF,6,12.7835,13.1432
FAST,BRIEF,7,11.9844,13.4101
FAST,BRIEF,8,13.1241,14.4169
FAST,BRIEF,9,13.0241,12.9845
FAST,BRIEF,10,11.1746,14.1189
FAST,BRIEF,11,12.8086,13.2623
FAST,BRIEF,12,8.95978,10.6119
FAST,BRIEF,13,9.96439,12.3705
FAST,BRIEF,14,9.59863,11.9267
FAST,BRIEF,15,8.52157,12.4088
FAST,BRIEF,16,9.51552,12.466
FAST,BRIEF,17,9.61241,9.85034
FAST,BRIEF,18,8.3988,12.1113
FAST,ORB,1,12.5156,11.6549
FAST,ORB,2,12.6142,11.4902
FAST,ORB,3,14.091,12.7751
FAST,ORB,4,16.6894,14.5426
FAST,ORB,5,15.7465,60.8696
FAST,ORB,6,12.7835,13.5023
FAST,ORB,7,11.9844,12.4346
FAST,ORB,8,13.1241,13.7045
FAST,ORB,9,13.0241,12.7064
FAST,ORB,10,11.1746,13.8902
FAST,ORB,11,12.8086,14.244
FAST,ORB,12,8.95978,11.4087
FAST,ORB,13,9.96439,12.9831
FAST,ORB,14,9.59863,11.1104
FAST,ORB,15,8.52157,12.3176
FAST,ORB,16,9.51552,11.9889
FAST,ORB,17,9.61241,9.4363
FAST,ORB,18,8.3988,11.1869
FAST,FREAK,1,12.5156,-inf
FAST,FREAK,2,12.6142,-60.2088
FAST,FREAK,3,14.091,-inf
FAST,FREAK,4,16.6894,-inf
FAST,FREAK,5,15.7465,-inf
FAST,FREAK,6,12.7835,-11.1575
FAST,FREAK,7,11.9844,-inf
FAST,FREAK,8,13.1241,17.8379
FAST,FREAK,9,13.0241,24.2873
FAST,FREAK,10,11.1746,254.828
FAST,FREAK,11,12.8086,55.9142
FAST,FREAK,12,8.95978,34.0044
FAST,FREAK,13,9.96439,21.8336
FAST,FREAK,14,9.59863,441.21
FAST,FREAK,15,8.52157,14.0334
FAST,FREAK,16,9.51552,14.1916
FAST,FREAK,17,9.61241,12.4179
FAST,FREAK,18,8.3988,14.2898
FAST,SIFT,1,12.5156,11.0069
FAST,SIFT,2,12.6142,10.8463
FAST,SIFT,3,14.091,14.8664
FAST,SIFT,4,16.6894,14.9303
FAST,SIFT,5,15.7465,29.241
FAST,SIFT,6,12.7835,13.1149
FAST,SIFT,7,11.9844,14.1309
FAST,SIFT,8,13.1241,14.4169
FAST,SIFT,9,13.0241,13.8169
FAST,SIFT,10,11.1746,19.897
FAST,SIFT,11,12.8086,20.1129
FAST,SIFT,12,8.95978,12.3117
FAST,SIFT,13,9.96439,12.5732
FAST,SIFT,14,9.59863,11.5334
FAST,SIFT,15,8.52157,11.9654
FAST,SIFT,16,9.51552,11.3939
FAST,SIFT,17,9.61241,8.11259
FAST,SIFT,18,8.3988,13.2034
BRISK,BRISK,1,12.5156,28.9225
BRISK,BRISK,2,12.6142,61.9163
BRISK,BRISK,3,14.091,18.7043
BRISK,BRISK,4,16.6894,31.1267
BRISK,BRISK,5,15.7465,70.6119
BRISK,BRISK,6,12.7835,70.7064
BRISK,BRISK,7,11.9844,32.7785
BRISK,BRISK,8,13.1241,28.3591
BRISK,BRISK,9,13.0241,20.056
BRISK,BRISK,10,11.1746,61.2615
BRISK,BRISK,11,12.8086,25.5085
BRISK,BRISK,12,8.95978,30.6352
BRISK,BRISK,13,9.96439,14.3628
BRISK,BRISK,14,9.59863,20.9858
BRISK,BRISK,15,8.52157,18.2518
BRISK,BRISK,16,9.51552,15.123
BRISK,BRISK,17,9.61241,10.962
BRISK,BRISK,18,8.3988,15.0117
BRISK,BRIEF,1,12.5156,19.5255
BRISK,BRIEF,2,12.6142,26.3919
BRISK,BRIEF,3,14.091,13.086
BRISK,BRIEF,4,16.6894,25.5861
BRISK,BRIEF,5,15.7465,31.1908
BRISK,BRIEF,6,12.7835,26.8787
BRISK,BRIEF,7,11.9844,19.8354
BRISK,BRIEF,8,13.1241,21.7126
BRISK,BRIEF,9,13.0241,17.1026
BRISK,BRIEF,10,11.1746,15.1614
BRISK,BRIEF,11,12.8086,12.0335
BRISK,BRIEF,12,8.95978,14.6907
BRISK,BRIEF,13,9.96439,14.5774
BRISK,BRIEF,14,9.59863,10.6288
BRISK,BRIEF,15,8.52157,12.147
BRISK,BRIEF,16,9.51552,14.6718
BRISK,BRIEF,17,9.61241,11.2256
BRISK,BRIEF,18,8.3988,10.3103
BRISK,ORB,1,12.5156,23.0034
BRISK,ORB,2,12.6142,53.9101
BRISK,ORB,3,14.091,22.8954
BRISK,ORB,4,16.6894,88.2051
BRISK,ORB,5,15.7465,-147.81
BRISK,ORB,6,12.7835,73.6525
BRISK,ORB,7,11.9844,45.1493
BRISK,ORB,8,13.1241,34.8999
BRISK,ORB,9,13.0241,15.5809
BRISK,ORB,10,11.1746,37.4354
BRISK,ORB,11,12.8086,129.697
BRISK,ORB,12,8.95978,17.0142
BRISK,ORB,13,9.96439,20.4976
BRISK,ORB,14,9.59863,19.188
BRISK,ORB,15,8.52157,20.997
BRISK,ORB,16,9.51552,14.189
BRISK,ORB,17,9.61241,13.457
BRISK,ORB,18,8.3988,17.4583
BRISK,FREAK,1,12.5156,25.5757
BRISK,FREAK,2,12.6142,-380.944
BRISK,FREAK,3,14.091,25.1321
BRISK,FREAK,4,16.6894,22.7149
BRISK,FREAK,5,15.7465,52.7682
BRISK,FREAK,6,12.7835,16.3304
BRISK,FREAK,7,11.9844,25.3066
BRISK,FREAK,8,13.1241,28.8678
BRISK,FREAK,9,13.0241,20.63
BRISK,FREAK,10,11.1746,22.0802
BRISK,FREAK,11,12.8086,16.0114
BRISK,FREAK,12,8.95978,24.9562
BRISK,FREAK,13,9.96439,17.2955
BRISK,FREAK,14,9.59863,13.7256
BRISK,FREAK,15,8.52157,14.4003
BRISK,FREAK,16,9.51552,14.0273
BRISK,FREAK,17,9.61241,10.0495
BRISK,FREAK,18,8.3988,14.271
BRISK,SIFT,1,12.5156,21.1726
BRISK,SIFT,2,12.6142,17.5374
BRISK,SIFT,3,14.091,25.8055
BRISK,SIFT,4,16.6894,26.7053
BRISK,SIFT,5,15.7465,44.1128
BRISK,SIFT,6,12.7835,16.2984
BRISK,SIFT,7,11.9844,19.6355
BRISK,SIFT,8,13.1241,23.6277
BRISK,SIFT,9,13.0241,16.9792
BRISK,SIFT,10,11.1746,16.3712
BRISK,SIFT,11,12.8086,14.789
BRISK,SIFT,12,8.95978,15.7144
BRISK,SIFT,13,9.96439,16.2683
BRISK,SIFT,14,9.59863,12.5169
BRISK,SIFT,15,8.52157,15.6674
BRISK,SIFT,16,9.51552,11.8048
BRISK,SIFT,17,9.61241,12.7216
BRISK,SIFT,18,8.3988,16.9026
ORB,BRISK,1,12.5156,18.0656
ORB,BRISK,2,12.6142,15.1978
ORB,BRISK,3,14.091,26.6842
ORB,BRISK,4,16.6894,37.9243
ORB,BRISK,5,15.7465,-inf
ORB,BRISK,6,12.7835,20.0611
ORB,BRISK,7,11.9844,39.3442
ORB,BRISK,8,13.1241,11.2337
ORB,BRISK,9,13.0241,12.2284
ORB,BRISK,10,11.1746,15.0268
ORB,BRISK,11,12.8086,9.09836
ORB,BRISK,12,8.95978,5416.2
ORB,BRISK,13,9.96439,9.59835
ORB,BRISK,14,9.59863,6.95135
ORB,BRISK,15,8.52157,8.85869
ORB,BRISK,16,9.51552,10.4631
ORB,BRISK,17,9.61241,21.1348
ORB,BRISK,18,8.3988,18.6402
ORB,BRIEF,1,12.5156,19.8744
ORB,BRIEF,2,12.6142,20.5685
ORB,BRIEF,3,14.091,90.0082
ORB,BRIEF,4,16.6894,24.292
ORB,BRIEF,5,15.7465,799.31
ORB,BRIEF,6,12.7835,21.1103
ORB,BRIEF,7,11.9844,-inf
ORB,BRIEF,8,13.1241,70.5426
ORB,BRIEF,9,13.0241,13.2757
ORB,BRIEF,10,11.1746,10.8056
ORB,BRIEF,11,12.8086,12.5439
ORB,BRIEF,12,8.95978,19.2325
ORB,BRIEF,13,9.96439,10.7998
ORB,BRIEF,14,9.59863,9.3944
ORB,BRIEF,15,8.52157,10.0577
ORB,BRIEF,16,9.51552,13.5193
ORB,BRIEF,17,9.61241,17.2956
ORB,BRIEF,18,8.3988,13.2522
ORB,ORB,1,12.5156,172.248
ORB,ORB,2,12.6142,22.5791
ORB,ORB,3,14.091,26.3748
ORB,ORB,4,16.6894,35.326
ORB,ORB,5,15.7465,39.391
ORB,ORB,6,12.7835,19.1992
ORB,ORB,7,11.9844,17.5657
ORB,ORB,8,13.1241,10.6963
ORB,ORB,9,13.0241,2.81675e+06
ORB,ORB,10,11.1746,20.1594
ORB,ORB,11,12.8086,8.94212
ORB,ORB,12,8.95978,-inf
ORB,ORB,13,9.96439,11.6895
ORB,ORB,14,9.59863,27.0269
ORB,ORB,15,8.52157,36.2052
ORB,ORB,16,9.51552,9.77854
ORB,ORB,17,9.61241,33.0007
ORB,ORB,18,8.3988,20.2115
ORB,FREAK,1,12.5156,10.99
ORB,FREAK,2,12.6142,38.7274
ORB,FREAK,3,14.091,37.3294
ORB,FREAK,4,16.6894,10.7264
ORB,FREAK,5,15.7465,-inf
ORB,FREAK,6,12.7835,54.0855
ORB,FREAK,7,11.9844,23.2065
ORB,FREAK,8,13.1241,8.93618
ORB,FREAK,9,13.0241,15.0839
ORB,FREAK,10,11.1746,-inf
ORB,FREAK,11,12.8086,5.1406
ORB,FREAK,12,8.95978,47.5656
ORB,FREAK,13,9.96439,7.03048
ORB,FREAK,14,9.59863,55.7876
ORB,FREAK,15,8.52157,8.75684
ORB,FREAK,16,9.51552,12.3956
ORB,FREAK,17,9.61241,186.726
ORB,FREAK,18,8.3988,44.5772
ORB,SIFT,1,12.5156,-13.9696
ORB,SIFT,2,12.6142,11.1048
ORB,SIFT,3,14.091,25.9263
ORB,SIFT,4,16.6894,86.0676
ORB,SIFT,5,15.7465,-2.36928
ORB,SIFT,6,12.7835,-inf
ORB,SIFT,7,11.9844,26.8287
ORB,SIFT,8,13.1241,10.0584
ORB,SIFT,9,13.0241,12.8918
ORB,SIFT,10,11.1746,12.7391
ORB,SIFT,11,12.8086,10.1214
ORB,SIFT,12,8.95978,-inf
ORB,SIFT,13,9.96439,-inf
ORB,SIFT,14,9.59863,75.625
ORB,SIFT,15,8.52157,16.5521
ORB,SIFT,16,9.51552,15.662
ORB,SIFT,17,9.61241,21.1995
ORB,SIFT,18,8.3988,10.5153
AKAZE,BRISK,1,12.5156,13.3856
AKAZE,BRISK,2,12.6142,16.1377
AKAZE,BRISK,3,14.091,16.0769
AKAZE,BRISK,4,16.6894,16.0746
AKAZE,BRISK,5,15.7465,16.4394
AKAZE,BRISK,6,12.7835,16.827
AKAZE,BRISK,7,11.9844,20.3049
AKAZE,BRISK,8,13.1241,17.6194
AKAZE,BRISK,9,13.0241,16.1763
AKAZE,BRISK,10,11.1746,13.2458
AKAZE,BRISK,11,12.8086,17.2264
AKAZE,BRISK,12,8.95978,17.6104
AKAZE,BRISK,13,9.96439,13.5506
AKAZE,BRISK,14,9.59863,12.655
AKAZE,BRISK,15,8.52157,15.2263
AKAZE,BRISK,16,9.51552,11.1952
AKAZE,BRISK,17,9.61241,10.8084
AKAZE,BRISK,18,8.3988,9.70205
AKAZE,BRIEF,1,12.5156,14.5256
AKAZE,BRIEF,2,12.6142,22.6435
AKAZE,BRIEF,3,14.091,13.3744
AKAZE,BRIEF,4,16.6894,15.4523
AKAZE,BRIEF,5,15.7465,16.521
AKAZE,BRIEF,6,12.7835,13.909
AKAZE,BRIEF,7,11.9844,15.9391
AKAZE,BRIEF,8,13.1241,15.7207
AKAZE,BRIEF,9,13.0241,14.1721
AKAZE,BRIEF,10,11.1746,12.7615
AKAZE,BRIEF,11,12.8086,13.7188
AKAZE,BRIEF,12,8.95978,13.4991
AKAZE,BRIEF,13,9.96439,10.574
AKAZE,BRIEF,14,9.59863,10.5076
AKAZE,BRIEF,15,8.52157,9.26243
AKAZE,BRIEF,16,9.51552,10.6864
AKAZE,BRIEF,17,9.61241,10.0637
AKAZE,BRIEF,18,8.3988,9.28732
AKAZE,ORB,1,12.5156,17.7168
AKAZE,ORB,2,12.6142,21.7206
AKAZE,ORB,3,14.091,14.0971
AKAZE,ORB,4,16.6894,15.2407
AKAZE,ORB,5,15.7465,17.5117
AKAZE,ORB,6,12.7835,16.2673
AKAZE,ORB,7,11.9844,20.1333
AKAZE,ORB,8,13.1241,16.1299
AKAZE,ORB,9,13.0241,15.4276
AKAZE,ORB,10,11.1746,12.9409
AKAZE,ORB,11,12.8086,13.2135
AKAZE,ORB,12,8.95978,15.3526
AKAZE,ORB,13,9.96439,11.1806
AKAZE,ORB,14,9.59863,11.4858
AKAZE,ORB,15,8.52157,11.5602
AKAZE,ORB,16,9.51552,12.1745
AKAZE,ORB,17,9.61241,9.90009
AKAZE,ORB,18,8.3988,10.042
AKAZE,FREAK,1,12.5156,19.9418
AKAZE,FREAK,2,12.6142,23.7831
AKAZE,FREAK,3,14.091,16.5433
AKAZE,FREAK,4,16.6894,21.4799
AKAZE,FREAK,5,15.7465,20.0858
AKAZE,FREAK,6,12.7835,18.3006
AKAZE,FREAK,7,11.9844,18.0136
AKAZE,FREAK,8,13.1241,16.5349
AKAZE,FREAK,9,13.0241,14.205
AKAZE,FREAK,10,11.1746,13.6779
AKAZE,FREAK,11,12.8086,14.4393
AKAZE,FREAK,12,8.95978,12.8356
AKAZE,FREAK,13,9.96439,12.5327
AKAZE,FREAK,14,9.59863,11.0879
AKAZE,FREAK,15,8.52157,11.7699
AKAZE,FREAK,16,9.51552,10.548
AKAZE,FREAK,17,9.61241,10.4999
AKAZE,FREAK,18,8.3988,10.0466
AKAZE,AKAZE,1,12.5156,15.4404
AKAZE,AKAZE,2,12.6142,21.0712
AKAZE,AKAZE,3,14.091,15.002
AKAZE,AKAZE,4,16.6894,20.9136
AKAZE,AKAZE,5,15.7465,23.7839
AKAZE,AKAZE,6,12.7835,13.6631
AKAZE,AKAZE,7,11.9844,16.0322
AKAZE,AKAZE,8,13.1241,16.2404
AKAZE,AKAZE,9,13.0241,15.2002
AKAZE,AKAZE,10,11.1746,13.2875
AKAZE,AKAZE,11,12.8086,13.548
AKAZE,AKAZE,12,8.95978,18.7503
AKAZE,AKAZE,13,9.96439,12.5258
AKAZE,AKAZE,14,9.59863,11.842
AKAZE,AKAZE,15,8.52157,19.5115
AKAZE,AKAZE,16,9.51552,13.7219
AKAZE,AKAZE,17,9.61241,11.385
AKAZE,AKAZE,18,8.3988,9.91155
AKAZE,SIFT,1,12.5156,13.0026
AKAZE,SIFT,2,12.6142,15.4089
AKAZE,SIFT,3,14.091,13.7264
AKAZE,SIFT,4,16.6894,15.2099
AKAZE,SIFT,5,15.7465,18.6318
AKAZE,SIFT,6,12.7835,15.293
AKAZE,SIFT,7,11.9844,17.4369
AKAZE,SIFT,8,13.1241,14.5612
AKAZE,SIFT,9,13.0241,15.6282
AKAZE,SIFT,10,11.1746,12.1401
AKAZE,SIFT,11,12.8086,13.7017
AKAZE,SIFT,12,8.95978,15.6889
AKAZE,SIFT,13,9.96439,11.2365
AKAZE,SIFT,14,9.59863,10.602
AKAZE,SIFT,15,8.52157,10.7229
AKAZE,SIFT,16,9.51552,11.031
AKAZE,SIFT,17,9.61241,10.2394
AKAZE,SIFT,18,8.3988,8.96532
SIFT,BRISK,1,12.5156,-0.687122
SIFT,BRISK,2,12.6142,35.3722
SIFT,BRISK,3,14.091,38.8907
SIFT,BRISK,4,16.6894,-0.411019
SIFT,BRISK,5,15.7465,-0.552647
SIFT,BRISK,6,12.7835,25.8265
SIFT,BRISK,7,11.9844,-0.30821
SIFT,BRISK,8,13.1241,42.5437
SIFT,BRISK,9,13.0241,39.1126
SIFT,BRISK,10,11.1746,-1.60087
SIFT,BRISK,11,12.8086,19.785
SIFT,BRISK,12,8.95978,22.1696
SIFT,BRISK,13,9.96439,-0.447728
SIFT,BRISK,14,9.59863,-0.490358
SIFT,BRISK,15,8.52157,79.3168
SIFT,BRISK,16,9.51552,25.7657
SIFT,BRISK,17,9.61241,45.8937
SIFT,BRISK,18,8.3988,14.0379
SIFT,BRIEF,1,12.5156,14.8202
SIFT,BRIEF,2,12.6142,19.3563
SIFT,BRIEF,3,14.091,19.7132
SIFT,BRIEF,4,16.6894,28.8191
SIFT,BRIEF,5,15.7465,17.1657
SIFT,BRIEF,6,12.7835,16.6336
SIFT,BRIEF,7,11.9844,16.926
SIFT,BRIEF,8,13.1241,23.9323
SIFT,BRIEF,9,13.0241,14.6838
SIFT,BRIEF,10,11.1746,11.0335
SIFT,BRIEF,11,12.8086,14.03
SIFT,BRIEF,12,8.95978,10.6741
SIFT,BRIEF,13,9.96439,9.69631
SIFT,BRIEF,14,9.59863,11.3455
SIFT,BRIEF,15,8.52157,9.43513
SIFT,BRIEF,16,9.51552,9.22835
SIFT,BRIEF,17,9.61241,8.39108
SIFT,BRIEF,18,8.3988,10.0595
SIFT,FREAK,1,12.5156,-2.87443
SIFT,FREAK,2,12.6142,28.5813
SIFT,FREAK,3,14.091,111.109
SIFT,FREAK,4,16.6894,-0.714374
SIFT,FREAK,5,15.7465,242.768
SIFT,FREAK,6,12.7835,-0.290209
SIFT,FREAK,7,11.9844,-0.26502
SIFT,FREAK,8,13.1241,-1.91009
SIFT,FREAK,9,13.0241,-3.88353
SIFT,FREAK,10,11.1746,19.6285
SIFT,FREAK,11,12.8086,-4.37173
SIFT,FREAK,12,8.95978,-0.964164
SIFT,FREAK,13,9.96439,14.1106
SIFT,FREAK,14,9.59863,19.3839
SIFT,FREAK,15,8.52157,-0.30182
SIFT,FREAK,16,9.51552,19.5936
SIFT,FREAK,17,9.61241,10.3888
SIFT,FREAK,18,8.3988,16.1546
SIFT,SIFT,1,12.5156,22.3481
SIFT,SIFT,2,12.6142,-0.401138
SIFT,SIFT,3,14.091,-18.2709
SIFT,SIFT,4,16.6894,-0.593549
SIFT,SIFT,5,15.7465,-0.387505
SIFT,SIFT,6,12.7835,34.0825
SIFT,SIFT,7,11.9844,-0.255842
SIFT,SIFT,8,13.1241,-0.329372
SIFT,SIFT,9,13.0241,-0.807389
SIFT,SIFT,10,11.1746,23.0895
SIFT,SIFT,11,12.8086,-0.998691
SIFT,SIFT,12,8.95978,-0.373428
SIFT,SIFT,13,9.96439,110.674
SIFT,SIFT,14,9.59863,-0.408825
SIFT,SIFT,15,8.52157,-1.43041
SIFT,SIFT,16,9.51552,-6.32397
SIFT,SIFT,17,9.61241,-6.39217
SIFT,SIFT,18,8.3988,-8.10488
